,Username,Content,Location,Created at,Month
1,BudakGarut__,tetap jaga protokol kesehatan walaupun ptm,"Garut, Indonesia",2022-01-01 13:27:05+00:00,
2,ignoreprojahils, anak perlu diajarkan disiplin prokes selama sekolah ptm,,2022-01-01 13:20:17+00:00,
3,multiplied3assi,"kasus covid19 melonjak, masyarakat mengurangi aktivitas keramaian dan perketat proses ptm",Alaskan Made ~ Alaskan Grown,2022-01-01 13:19:12+00:00,
4,xojolx,semoga sekolahnya ptm terus,"Kota Bandung, Jawa Barat",2022-01-01 13:17:18+00:00,
5,ka3_16ka,selama ptm ini gue bener2 jarang banget buka buku,,2022-01-01 13:15:23+00:00,
6,mayesyii,kasus covid 19 melonjak pemerintah minta masyarakat perketat prokes ptm ,,2022-01-01 13:13:15+00:00,
7,naylaberkah,ptm lagi ptm lagi,Batam,2022-01-01 13:11:06+00:00,
8,nabillaSN24,"kasus covid19 melonjak, masyarakat mengurangi aktivitas keramaian dan perketat proses ptm",,2022-01-01 13:10:35+00:00,
9,garin_bigwin01,ptm lagi ptm lagi,"DKI Jakarta, Indonesia",2022-01-01 13:08:09+00:00,
10,5dona2,"kasus covid19 melonjak, masyarakat mengurangi aktivitas keramaian dan perketat proses ptm",,2022-01-01 13:05:44+00:00,
11,putra_bangsa81,semoga covid turun supaya bisa ptm,,2022-01-01 13:03:47+00:00,
12,Caca46027099,"kasus covid19 melonjak, masyarakat mengurangi aktivitas keramaian dan perketat proses ptm",,2022-01-01 13:03:14+00:00,
13,ani0942,"kasus covid19 melonjak, masyarakat mengurangi aktivitas keramaian dan perketat proses ptm",,2022-01-01 13:01:52+00:00,
14,citrabiq,"kasus covid19 melonjak, masyarakat mengurangi aktivitas keramaian dan perketat proses ptm",,2022-01-01 13:00:50+00:00,
15,Adireigo,gua jadi benci bgt ptm ngapa dah,,2022-01-01 13:00:38+00:00,
16,eIectricx,"pjj rasanya bodoh banget, ptm rasanya cape banget",,2022-01-01 13:00:04+00:00,
17,0Cicaca,"yang bener aja ini mah, hari pertama ptm lagi malah hujan???",,2022-01-01 13:00:04+00:00,
18,tinaklin,ptm yaaaaaa,,2022-01-01 13:00:04+00:00,
19,Akiakimbrew_102,besok ptm lagi,,2022-01-01 13:00:03+00:00,
20,DanangputraK,perketat prokes ptm untuk mengantisipasi kasus covid-19 ,,2022-01-01 13:00:03+00:00,
21,AdiAdihendra,disini ada yang jadi pjj lagi kaah apa masih ptm?,,2022-01-01 13:00:03+00:00,
22,brightxxxv,sebaiknya jangan ptm dulu,,2022-01-01 13:00:02+00:00,
23,Azaldaf,besok ptm lagi,,2022-01-01 13:00:02+00:00,
24,HimmatTinnu, kurangi aktivitas keramaian dan perketat prokes ptm,,2022-01-01 13:00:01+00:00,
25,EmperorMerah,perketat prokes ptm untuk mengantisipasi lonjakan kasus covid-19,,2022-01-01 13:00:01+00:00,
26,Xyeety1,"kasus covid 19 melonjak, kurangi aktivitas keramaian dan perketat prokes ptm",,2022-01-01 13:00:01+00:00,
27,Tri_nugraha_,perketat prokes ptm untuk antisipasi lonjakan kasus virus covid-19 ,,2022-01-01 13:00:00+00:00,
28,DateMasamune29,perketat prokes ptm untuk menanggulangi melonjaknya kasus covid-19 di sekolah,,2022-01-01 13:00:00+00:00,
29,BiruEmperor,kurangi aktivitas keramaian dan perketas prokes ptm,,2022-01-01 13:00:00+00:00,
30,KatakuraKojur,kurangi aktivitas keramaian dan perketas prokes ptm,,2022-01-01 13:00:00+00:00,
31,AlisaJung17,ptm tidak buruk juga wkwk,Indonesia,2022-01-01 12:59:43+00:00,
32,OxBigWin_777,aku percaya aku bisa ptm,Rasa Syukur,2022-01-01 12:57:21+00:00,
33,bostoncrema,"semenjak ptm jadi cepet ngantuk, pulang sekolah sore suka ngantuk bera","Lima, PerÃº",2022-01-01 12:29:26+00:00,
34,dazedchaeng,kenapasih pjj tugas nya banyak .. mending ptm kalo kayak gini ,210125,2022-01-01 12:27:28+00:00,
35,ARCTlCM0NK3YS,semangat ptm nya,she/they.,2022-01-01 12:26:19+00:00,
36,detikcom,udah nyaman sm ptm,"Jakarta, Indonesia",2022-01-01 12:06:23+00:00,
37,ubsansfess,jadi ptm ngga yaa?,"Malang, Jawa Timur",2022-01-01 12:05:01+00:00,
38,Bilalki29033498,"ikuti aturan mendikbud ristek, boyolali siap hentikan ptm di sekolah",,2022-01-01 11:50:36+00:00,
39,kaedehayaa,lebih susah ptm sih,heaven,2022-01-01 11:49:19+00:00,
40,anakmsebeth,wkwk seru kalo ptm,,2022-01-01 11:18:39+00:00,
41,20detik,sebenernya ptm bikin stress,JKT-INA,2022-01-01 11:05:10+00:00,
42,detikedu,sebenernya ptm bikin stress,,2022-01-01 10:47:46+00:00,
43,Epinephrineee,"akhirnya punya kesempatan buat belajar lagii, kalau ptm kadang gapunya waktu belajar, ","San Diego, CA",2022-01-01 10:47:41+00:00,
44,kaedehayaa,pemerintah evaluasi aturan ptm,heaven,2022-01-01 10:45:18+00:00,
45,jawapos,pemerintah buka opsi hentikan ptm,Jakarta,2022-01-01 10:29:44+00:00,
46,junggwoni,sekolah evaluasi aturan ptm,ë‚™ì›,2022-01-01 10:26:45+00:00,
47,papoiibear, ptm aja masih 100%,Jakarta,2022-01-01 09:44:28+00:00,
48,NTX24,ptm seru sih,exactly Natuna,2022-01-01 09:39:53+00:00,
49,szszzszzs,ptm kena mental,###,2022-01-01 09:24:51+00:00,
,,,,2022-01-01 09:19:49+00:00,
,,,,2022-01-01 09:12:01+00:00,
,,,she/her,2022-01-01 09:08:53+00:00,
,,,"Sukabumi, Indonesia",2022-01-01 09:06:44+00:00,
,,,,2022-01-01 09:04:30+00:00,
,,,,2022-01-01 09:03:18+00:00,
,,,Jakarta,2022-01-01 09:00:12+00:00,
,,,Jakarta,2022-01-01 09:00:12+00:00,
,,,,2022-01-01 08:57:26+00:00,
,,,,2022-01-01 08:55:42+00:00,
,,,,2022-01-01 08:55:11+00:00,
,,,,2022-01-01 08:46:47+00:00,
,,,14 / she,2022-01-01 08:36:45+00:00,
,,,"Bandung, Indonesia",2022-01-01 07:55:48+00:00,
,,,(-_-ãƒ¡) only bts : 17 ! her #,2022-01-01 07:51:58+00:00,
,,,,2022-01-01 07:27:37+00:00,
,,,,2022-01-01 07:19:14+00:00,
,,,she 17 ,2022-01-01 07:05:47+00:00,
,,,,2022-01-01 07:03:36+00:00,
,,,,2022-01-01 07:01:16+00:00,
,,,,2022-01-01 06:58:59+00:00,
,,,"Jakarta, Indonesia",2022-01-01 06:38:08+00:00,
,,,,2022-01-01 06:23:31+00:00,
,,,Monterrey,2022-01-01 06:20:02+00:00,
,,,*adaakukisah*,2022-01-01 06:12:43+00:00,
,,,,2022-01-01 06:05:21+00:00,
,,,"Banten, Indonesia",2022-01-01 06:00:02+00:00,
,,,yo,2022-01-01 05:50:48+00:00,
,,,,2022-01-01 05:47:48+00:00,
,,,Lima- PerÃº,2022-01-01 05:47:26+00:00,
,,,,2022-01-01 05:42:27+00:00,
,,,Only Army à®‡,2022-01-01 04:35:48+00:00,
,,,Kampus IPB Dramaga Bogor,2022-01-01 04:30:24+00:00,
,,,,2022-01-01 04:24:42+00:00,
,,,only bangtan ğŸ‡¸ğŸ‡»,2022-01-01 04:23:27+00:00,
,,,she/her,2022-01-01 04:22:27+00:00,
,,,àºŠ,2022-01-01 04:07:13+00:00,
,,,Con Tu Mujer,2022-01-01 04:00:42+00:00,
,,,,2022-01-01 03:48:29+00:00,
,,,,2022-01-01 03:46:18+00:00,
,,,,2022-01-01 03:44:56+00:00,
,,,,2022-01-01 03:44:03+00:00,
,,,ğŸ‡²ğŸ‡½ğŸ‡°ğŸ‡·ğŸ‡ºğŸ‡¸,2022-01-01 03:43:47+00:00,
,,,,2022-01-01 03:39:13+00:00,
,,,,2022-01-01 03:30:39+00:00,
,,,| Argentina | âœ§,2022-01-01 03:18:46+00:00,
,,,,2022-01-01 03:17:46+00:00,
,,,,2022-01-01 03:12:05+00:00,
,,,Surakarta,2022-01-01 03:00:47+00:00,
,,,Solo,2022-01-01 03:00:47+00:00,
,,,Solo - Surakarta - Solo Raya,2022-01-01 03:00:47+00:00,
,,,"Miami, FL",2022-01-01 02:55:36+00:00,
,,,,2022-01-01 02:43:01+00:00,
,,,Mi casita ğŸ¡,2022-01-01 02:12:36+00:00,
,,,Peru,2022-01-01 02:01:34+00:00,
,,,"Jakarta Capital Region, Indone",2022-01-01 01:52:29+00:00,
,,,,2022-01-01 01:42:20+00:00,
,,,he/they,2022-01-01 01:34:26+00:00,
,,,MÃ©xicoâœˆ,2022-01-01 01:28:25+00:00,
,,,2NE1 4EVER â™¤ â€¢ â™¡ITZY.APINK.DCâ™¡,2022-01-01 01:26:25+00:00,
,,,pubrant - dns,2022-01-01 01:15:32+00:00,
,,,,2022-01-01 01:14:12+00:00,
,,,"Tampico, Tamaulipas",2022-01-01 01:11:09+00:00,
,,,Jakarta,2022-01-01 01:00:56+00:00,
,,,,2022-01-01 01:00:35+00:00,
,,,PerÃºğŸ‡µğŸ‡ª,2022-01-01 00:56:26+00:00,
,,,,2022-01-01 00:45:00+00:00,
,,,"SND, The Archer.",2022-01-01 00:23:32+00:00,
,,,br acc ,2022-01-01 00:18:30+00:00,
,,,br acc ,2022-01-01 00:12:41+00:00,
,,,she/her,2022-01-05 23:48:02+00:00,
,,,,2022-01-05 23:07:34+00:00,
,,,Bikini bottom,2022-01-05 23:00:44+00:00,
,,,skz â€¢ tÃ¸p â€¢ bp,2022-01-05 23:00:12+00:00,
,,,pfp @wengwengchim,2022-01-05 22:49:54+00:00,
,,,,2022-01-05 22:46:28+00:00,
,,,,2022-01-05 22:39:48+00:00,
,,,,2022-01-05 22:33:55+00:00,
,,,JJK1,2022-01-05 22:11:43+00:00,
,,,Bts paved the way for all,2022-01-05 20:50:15+00:00,
,,,,2022-01-05 20:24:15+00:00,
,,,SHE%THEY              Munson â™¡,2022-01-05 19:59:57+00:00,
,,,"Ù„Ø§ÛÙˆØ±, Ù¾Ø§Ú©Ø³ØªØ§Ù†",2022-01-05 19:48:57+00:00,
,,,â–¦ ï¹’ â˜† ğŸ”Œ ğŸ›’ â¸’ ë³„ êœ    ï¹«,2022-01-05 19:48:09+00:00,
,,,"Kerala, India",2022-01-05 19:35:11+00:00,
,,,â¤ï¸â€ğŸ”¥,2022-01-05 19:32:00+00:00,
,,,"Lima, Peru",2022-01-05 19:31:43+00:00,
,,,,2022-01-05 18:08:59+00:00,
,,,"Nuevo Laredo, Tamaulipas",2022-01-05 17:57:57+00:00,
,,,"Quetta, Pakistan",2022-01-05 17:43:35+00:00,
,,,Blue family,2022-01-05 17:41:31+00:00,
,,,req: ok,2022-01-05 17:30:39+00:00,
,,,,2022-01-05 17:15:41+00:00,
,,,,2022-01-05 17:02:16+00:00,
,,,,2022-01-05 16:42:42+00:00,
,,,,2022-01-05 16:37:33+00:00,
,,,India,2022-01-05 16:35:05+00:00,
,,,,2022-01-05 16:32:14+00:00,
,,,,2022-01-05 16:10:43+00:00,
,,,,2022-01-05 15:55:42+00:00,
,,,,2022-01-05 15:46:03+00:00,
,,,Makassar,2022-01-05 15:35:12+00:00,
,,,Jakarta - Indonesia,2022-01-05 15:30:00+00:00,
,,,sedang pindah alam ,2022-01-05 15:19:34+00:00,
,,,delhi,2022-01-05 15:10:21+00:00,
,,,,2022-01-05 15:01:27+00:00,
,,,,2022-01-05 14:56:48+00:00,
,,,hueningkai â—œâ€¿â—,2022-01-05 14:50:35+00:00,
,,,,2022-01-05 14:41:41+00:00,
,,,kepo = masuk neraka,2022-01-05 14:40:13+00:00,
,,,she/her,2022-01-05 14:19:50+00:00,
,,,rant acc,2022-01-05 14:08:05+00:00,
,,,ask for carrd or no fb,2022-01-05 14:02:18+00:00,
,,,ask for carrd or no fb,2022-01-05 14:01:04+00:00,
,,,"ê’° he / they / fae / it +  neos âš¢ ê’±
15âˆ tme seasian â˜† rentry byf â˜† sys host
jjba â™¡ fkmt â™¡ lupin iii â™¡ gk â™¡ yuzuru hanyu",2022-01-05 13:51:54+00:00,
,,,,2022-01-05 13:38:16+00:00,
,,,,2022-01-05 13:33:26+00:00,
,,,Aap k â¤ my,2022-01-05 13:16:45+00:00,
,,,"Lima, Peru",2022-01-05 12:58:50+00:00,
,,,ig : royals.seu,2022-01-05 12:58:10+00:00,
,,,Veracruz,2022-01-05 12:46:57+00:00,
,,,"Islamabad, Swabi ",2022-01-05 12:46:42+00:00,
,,,,2022-01-05 12:20:47+00:00,
,,,,2022-01-05 12:17:42+00:00,
,,,,2022-01-05 12:16:33+00:00,
,,,"Wonyo, minji y BIBI mias",2022-01-05 11:56:21+00:00,
,,,,2022-01-05 11:55:17+00:00,
,,,"Malang, Jawa Timur",2022-01-05 11:52:03+00:00,
,,,Indonesia,2022-01-05 11:27:02+00:00,
,,,,2022-01-05 11:12:22+00:00,
,,,Jakarta,2022-01-05 11:04:45+00:00,
,,,,2022-01-05 10:53:49+00:00,
,,,,2022-01-05 10:53:26+00:00,
,,,Puebla de los Ãngeles,2022-01-05 10:52:53+00:00,
,,,,2022-01-05 10:45:49+00:00,
,,,ublabeled acc,2022-01-05 10:14:31+00:00,
,,,Indonesia,2022-01-05 10:04:02+00:00,
,,,"Blimbing, Indonesia",2022-01-05 10:03:43+00:00,
,,,she/they,2022-01-05 09:59:22+00:00,
,,,,2022-01-05 09:58:43+00:00,
,,,,2022-01-05 09:58:37+00:00,
,,,"Bandung, Jawa Barat",2022-01-05 09:58:33+00:00,
,,,"Wonyo, minji y BIBI mias",2022-01-05 09:38:52+00:00,
,,,,2022-01-05 09:29:04+00:00,
,,,Jakarta - Indonesia,2022-01-05 09:18:30+00:00,
,,,"Bandung, Jawa Barat",2022-01-05 09:10:30+00:00,
,,,Indonesia,2022-01-05 09:09:57+00:00,
,,,ketintang baru 3 /91 surabaya,2022-01-05 09:06:59+00:00,
,,,,2022-01-05 08:57:54+00:00,
,,,,2022-01-05 08:51:50+00:00,
,,,"DKI Jakarta, Indonesia",2022-01-05 08:49:56+00:00,
,,,,2022-01-05 08:48:17+00:00,
,,,Jerman Tengah,2022-01-05 08:47:55+00:00,
,,,Lahore,2022-01-05 08:44:28+00:00,
,,,she/her | desi ,2022-01-05 08:37:34+00:00,
,,,,2022-01-05 08:25:06+00:00,
,,,Kota Makassar,2022-01-05 08:08:03+00:00,
,,,Jl. Kebahagiaan No.4-14Jakarta,2022-01-05 07:45:00+00:00,
,,,,2022-01-05 07:45:00+00:00,
,,,in your heartğŸ’—,2022-01-05 07:43:04+00:00,
,,,,2022-01-05 07:34:45+00:00,
,,,,2022-01-05 07:06:38+00:00,
,,,"Sleman, Indonesia",2022-01-05 06:44:27+00:00,
,,,Hangover of her memories ,2022-01-05 06:43:25+00:00,
,,,,2022-01-05 06:40:57+00:00,
,,,"Gujranwala, Pakistan",2022-01-05 06:22:00+00:00,
,,,Jakarta,2022-01-05 06:17:09+00:00,
,,,,2022-01-05 06:01:14+00:00,
,,,"Jakarta Selatan, DKI Jakarta",2022-01-05 05:55:59+00:00,
,,,ğŸ€ ,2022-01-05 05:42:23+00:00,
,,,,2022-01-05 05:40:16+00:00,
,,,she/her/hers minor,2022-01-05 05:22:56+00:00,
,,,,2022-01-05 05:14:58+00:00,
,,,,2022-01-05 05:03:09+00:00,
,,,Solo Indonesia,2022-01-05 05:00:01+00:00,
,,,vmc center,2022-01-05 04:48:34+00:00,
,,,she/her,2022-01-05 04:44:55+00:00,
,,,Jakarta Capital Region,2022-01-05 04:41:54+00:00,
,,,NCTz,2022-01-05 04:35:42+00:00,
,,,MÃ©xico,2022-01-05 04:30:40+00:00,
,,,Jln Soekarno Hatta No110  Prm,2022-01-05 04:30:33+00:00,
,,,,2022-01-05 04:28:20+00:00,
,,,"Bandung, Jawa Barat",2022-01-05 04:24:10+00:00,
,,,,2022-01-05 04:18:31+00:00,
,,,"Lima, Peru",2022-01-05 04:17:20+00:00,
,,,,2022-01-05 04:17:20+00:00,
,,,Rasa Syukur,2022-01-05 03:58:59+00:00,
,,,Kenai heart,2022-01-05 03:54:21+00:00,
,,,"Sleman, Indonesia",2022-01-05 03:52:04+00:00,
,,,à¿ à¿”*:ï½¥ï¾Ÿ OT7,2022-01-05 03:47:05+00:00,
,,,IslamabadğŸ‡µğŸ‡°ğŸ‡¦ğŸ‡«,2022-01-05 03:32:56+00:00,
,,,"ranting, certified seeun bot",2022-01-05 03:17:11+00:00,
,,,Jakarta,2022-01-05 03:08:55+00:00,
,,,,2022-01-05 03:04:18+00:00,
,,,Jakardah kudus kota kretek,2022-01-05 03:01:37+00:00,
,,,,2022-01-05 03:01:14+00:00,
,,,,2022-01-05 02:42:34+00:00,
,,,Chromatica,2022-01-05 02:41:01+00:00,
,,,"Lima, Peru",2022-01-05 02:29:11+00:00,
,,,"Lima, Peru",2022-01-05 02:28:24+00:00,
,,,"Lima, Peru",2022-01-05 02:27:42+00:00,
,,,cogiendo con tu abuela ,2022-01-05 02:19:26+00:00,
,,,,2022-01-05 02:18:44+00:00,
,,,she/her ,2022-01-05 02:15:11+00:00,
,,,,2022-01-05 02:14:04+00:00,
,,,"Nusa Tenggara Timur, Indonesia",2022-01-05 02:09:45+00:00,
,,,,2022-01-05 01:59:42+00:00,
,,,ecuador,2022-01-05 01:51:51+00:00,
,,,,2022-01-05 01:36:37+00:00,
,,,"Yushiro, Kazuha, Dazai, Gu. ",2022-01-05 01:33:52+00:00,
,,,Pekanbaru,2022-01-05 01:15:08+00:00,
,,,Decelis Academy ğŸ«,2022-01-05 01:06:04+00:00,
,,,,2022-01-05 00:45:58+00:00,
,,,ğŸ‘ï¸âƒ¤,2022-01-05 00:36:07+00:00,
,,,,2022-01-05 00:22:44+00:00,
,,,Yogyakarta,2022-01-05 00:15:41+00:00,
,,,,2022-01-05 00:00:34+00:00,
,,,,2022-01-11 23:39:52+00:00,
,,,them 14,2022-01-11 23:38:21+00:00,
,,,bekasi/padang,2022-01-11 23:21:13+00:00,
,,,inbedwithurmom,2022-01-11 23:20:35+00:00,
,,,"Lima, Peru",2022-01-11 22:49:18+00:00,
,,,,2022-01-11 22:36:47+00:00,
,,,ivan ! he-him ! 18 ,2022-01-11 21:57:12+00:00,
,,,aora noes el momento ,2022-01-11 21:53:29+00:00,
,,,Jay's heart,2022-01-11 21:37:17+00:00,
,,,sakhakot malakand,2022-01-11 20:45:29+00:00,
,,,sakhakot malakand,2022-01-11 20:45:29+00:00,
,,,"CÃ³rdoba, Argentina",2022-01-11 20:38:36+00:00,
,,,medstudÂ²Â³,2022-01-11 20:30:00+00:00,
,,,,2022-01-11 20:24:10+00:00,
,,,"Riyadh, Kingdom of Saudi Arabi",2022-01-11 20:13:02+00:00,
,,,,2022-01-11 20:12:43+00:00,
,,,Andromeda,2022-01-11 19:53:15+00:00,
,,,Indian occupied Kashmir ,2022-01-11 19:24:06+00:00,
,,,,2022-01-11 19:23:45+00:00,
,,,,2022-01-11 19:07:46+00:00,
,,,,2022-01-11 19:00:59+00:00,
,,,she/her ! rcbyf,2022-01-11 18:53:31+00:00,
,,,,2022-01-11 18:46:48+00:00,
,,,Indonesia,2022-01-11 18:21:18+00:00,
,,,21 | she/her,2022-01-11 18:12:42+00:00,
,,,"Lima, Peru ",2022-01-11 18:10:53+00:00,
,,,,2022-01-11 17:22:59+00:00,
,,,,2022-01-11 17:03:40+00:00,
,,,she/her,2022-01-11 16:50:09+00:00,
,,,Indonesia,2022-01-11 16:44:30+00:00,
,,,ğ‡Â² ğ–ğ¨ğ«ğ¥ğğŸ‡®ğŸ‡©,2022-01-11 16:44:20+00:00,
,,, isfp,2022-01-11 16:38:54+00:00,
,,,"Ngaliyan, Indonesia",2022-01-11 16:37:23+00:00,
,,,Ø¸ÙØ±ÙˆØ§Ù„ØŒ Ù†Ø§Ø±ÙˆÙˆØ§Ù„ Ù¾Ø§Ú©Ø³ØªØ§Ù†,2022-01-11 16:22:26+00:00,
,,,"Lima, Peru",2022-01-11 16:17:31+00:00,
,,,dont trust people,2022-01-11 16:05:26+00:00,
,,,,2022-01-11 16:05:10+00:00,
,,,,2022-01-11 16:05:09+00:00,
,,,kim sunoo,2022-01-11 16:00:42+00:00,
,,,,2022-01-11 15:42:57+00:00,
,,,,2022-01-11 15:41:33+00:00,
,,,,2022-01-11 15:30:03+00:00,
,,,"Jakarta,indonesia",2022-01-11 15:19:21+00:00,
,,,"Jakarta,indonesia",2022-01-11 15:14:55+00:00,
,,,,2022-01-11 15:08:02+00:00,
,,,nowhere,2022-01-11 15:03:47+00:00,
,,,,2022-01-11 14:48:23+00:00,
,,,,2022-01-11 14:34:22+00:00,
,,,"Riyadh, Kingdom of Saudi Arabia",2022-01-11 14:30:27+00:00,
,,,Jalan Raya Jakarta KM.4 Serang,2022-01-11 14:29:34+00:00,
,,,Jakarta,2022-01-11 14:27:55+00:00,
,,,,2022-01-11 14:25:26+00:00,
,,,,2022-01-11 14:16:54+00:00,
,,,"Sukabumi, West Java",2022-01-11 14:16:32+00:00,
,,,Jakarta,2022-01-11 14:12:47+00:00,
,,,"Wonyo, minji y BIBI mias",2022-01-11 14:10:30+00:00,
,,,gyuldaengie â˜»,2022-01-11 14:06:55+00:00,
,,,,2022-01-11 14:05:43+00:00,
,,,,2022-01-11 14:05:38+00:00,
,,,,2022-01-11 14:03:13+00:00,
,,,,2022-01-11 14:00:47+00:00,
,,,,2022-01-11 13:58:54+00:00,
,,,a life saver ì–‘ì •ì›.,2022-01-11 13:48:33+00:00,
,,,"Jakarta Capital Region, Indone",2022-01-11 13:40:15+00:00,
,,,,2022-01-11 13:36:32+00:00,
,,,Jay's heart,2022-01-11 13:29:24+00:00,
,,,"Islamabad, Pakistan",2022-01-11 13:28:59+00:00,
,,,soshum,2022-01-11 13:27:29+00:00,
,,,,2022-01-11 13:21:41+00:00,
,,,,2022-01-11 13:12:36+00:00,
,,,anitwt â€” art acc,2022-01-11 12:38:42+00:00,
,,,Eâ„“ DÏƒÑÎ±âˆ‚ÏƒğŸ—¡ï¸ğŸ”¨,2022-01-11 12:30:33+00:00,
,,,,2022-01-11 12:28:34+00:00,
,,,Indonesia,2022-01-11 12:28:19+00:00,
,,,,2022-01-11 12:21:43+00:00,
,,,,2022-01-11 12:16:16+00:00,
,,,17,2022-01-11 12:03:50+00:00,
,,,17,2022-01-11 12:03:50+00:00,
,,,"rant, dnf, dnss!",2022-01-11 12:03:37+00:00,
,,,"Solo, Central Java, Indonesia",2022-01-11 12:03:34+00:00,
,,,Malaysia,2022-01-11 11:49:13+00:00,
,,,"she/they, unlabeled.",2022-01-11 11:49:01+00:00,
,,,me and my 1536227 moods,2022-01-11 11:46:51+00:00,
,,,she/her . 16 . 06L . intj,2022-01-11 11:42:02+00:00,
,,,,2022-01-11 11:36:53+00:00,
,,,she/her ,2022-01-11 11:35:39+00:00,
,,,lahore,2022-01-11 11:34:53+00:00,
,,,Eâ„“ DÏƒÑÎ±âˆ‚ÏƒğŸ—¡ï¸ğŸ”¨,2022-01-11 11:27:55+00:00,
,,,"Kota Kinabalu, Sabah",2022-01-11 11:25:47+00:00,
,,,Jakarta,2022-01-11 11:21:43+00:00,
,,,,2022-01-11 11:05:27+00:00,
,,,Islamabad Pakistan,2022-01-11 10:48:35+00:00,
,,,,2022-01-11 10:44:32+00:00,
,,,ğŸ§ here ğŸ‘‰,2022-01-11 10:39:26+00:00,
,,,Bandarlampung,2022-01-11 10:16:11+00:00,
,,,Islamabad Pakistan,2022-01-11 10:14:46+00:00,
,,,Surabaya,2022-01-11 09:58:09+00:00,
,,,busy dreaming abt itb or ugm,2022-01-11 09:28:08+00:00,
,,,,2022-01-11 09:22:32+00:00,
,,,"Chakwal, Pakistan",2022-01-11 09:21:59+00:00,
,,,,2022-01-11 09:20:12+00:00,
,,,,2022-01-11 09:19:11+00:00,
,,,,2022-01-11 09:18:19+00:00,
,,,Indonesia,2022-01-11 09:15:13+00:00,
,,,Jalan Raya Jakarta KM.4 Serang,2022-01-11 09:09:44+00:00,
,,,Indonesia,2022-01-11 08:45:22+00:00,
,,,,2022-01-11 08:43:54+00:00,
,,,"Nayarit, MÃ©xico",2022-01-11 08:35:46+00:00,
,,,,2022-01-11 08:34:20+00:00,
,,,Jakarta,2022-01-11 07:46:10+00:00,
,,,Jakarta,2022-01-11 07:43:28+00:00,
,,,Pakistan,2022-01-11 07:40:40+00:00,
,,,"she/her, random tweet",2022-01-11 07:38:53+00:00,
,,,Teuland,2022-01-11 07:27:29+00:00,
,,,JALAN AM. SANGAJI NO.55 JETIS,2022-01-11 07:21:32+00:00,
,,,,2022-01-11 07:20:10+00:00,
,,,"Jawa Tengah, Indonesia",2022-01-11 07:12:34+00:00,
,,,,2022-01-11 06:58:38+00:00,
,,,,2022-01-11 06:47:06+00:00,
,,,,2022-01-11 06:44:00+00:00,
,,,tu corazÃ³n,2022-01-11 06:35:02+00:00,
,,,"Jakarta Capital Region, 23yo",2022-01-11 06:28:54+00:00,
,,, ğ”˜“  ositos cariÃ±ositos gc  ğ”˜“,2022-01-11 06:09:49+00:00,
,,,,2022-01-11 06:05:54+00:00,
,,,,2022-01-11 06:05:02+00:00,
,,,,2022-01-11 06:04:16+00:00,
,,,"Bandung, West Java, Indonesia",2022-01-11 05:45:00+00:00,
,,,ğ˜´ğ˜©ğ˜¦/ğ˜©ğ˜¦ğ˜³,2022-01-11 05:42:00+00:00,
,,,"Sukabumi, Jabar, Indonesia",2022-01-11 05:31:28+00:00,
,,,EspaÃ±a,2022-01-11 05:30:51+00:00,
,,,"Jakarta, Indonesia",2022-01-11 05:25:46+00:00,
,,,"Jawa Barat, Indonesia",2022-01-11 05:25:26+00:00,
,,,"en tu casa, platt",2022-01-11 05:17:51+00:00,
,,,,2022-01-11 05:13:07+00:00,
,,,ğŸš«dnf. lw tu gx di ajak,2022-01-11 05:10:47+00:00,
,,,ğŸš«dnf. lw tu gx di ajak,2022-01-11 05:09:49+00:00,
,,,,2022-01-11 05:05:42+00:00,
,,,Taehyung,2022-01-11 04:54:39+00:00,
,,,un1ty-enhypen,2022-01-11 04:50:37+00:00,
,,,Indonesia,2022-01-11 04:40:50+00:00,
,,,Pandeglang - Bandung,2022-01-11 04:35:11+00:00,
,,,Honeymoon Ave.,2022-01-11 04:30:19+00:00,
,,,,2022-01-11 04:27:19+00:00,
,,,,2022-01-11 04:25:31+00:00,
,,,,2022-01-11 04:24:51+00:00,
,,,"Tula de Allende, Hidalgo",2022-01-11 04:06:36+00:00,
,,,GPI,2022-01-11 04:00:26+00:00,
,,,Jakarta,2022-01-11 03:58:05+00:00,
,,,Jakarta Capital Region,2022-01-11 03:55:09+00:00,
,,,any % prn,2022-01-11 03:50:06+00:00,
,,,,2022-01-11 03:37:37+00:00,
,,,"Cimahi Tengah, Indonesia",2022-01-11 03:33:06+00:00,
,,,"Mty,Mx",2022-01-11 03:32:24+00:00,
,,,"Gorontalo, Indonesia",2022-01-11 03:28:04+00:00,
,,,,2022-01-11 03:27:40+00:00,
,,,j-hope â­’ bts,2022-01-11 03:25:47+00:00,
,,,"Aceh Tengah, Nangro Aceh Darus",2022-01-11 03:18:17+00:00,
,,,"Kudus, CJ, Indonesia",2022-01-11 03:13:41+00:00,
,,,"Kota Banda Aceh, Nangro Aceh D",2022-01-11 03:12:02+00:00,
,,,Jakarta Capital Region,2022-01-11 03:11:19+00:00,
,,,Denpasar Bali,2022-01-11 03:08:58+00:00,
,,,,2022-01-11 03:06:58+00:00,
,,,,2022-01-11 02:54:09+00:00,
,,,"Tungkal Ilir, Indonesia",2022-01-11 02:51:24+00:00,
,,,,2022-01-11 02:46:14+00:00,
,,,,2022-01-11 02:45:24+00:00,
,,,,2022-01-11 02:41:58+00:00,
,,,,2022-01-11 02:41:06+00:00,
,,,,2022-01-11 02:37:41+00:00,
,,,,2022-01-11 02:30:08+00:00,
,,,,2022-01-11 02:27:06+00:00,
,,,,2022-01-11 02:19:01+00:00,
,,,"Kwangya, SMCU",2022-01-11 02:18:32+00:00,
,,,,2022-01-11 02:03:20+00:00,
,,,,2022-01-11 02:01:32+00:00,
,,,                    Te sigueã…¤ã…¤,2022-01-11 01:44:44+00:00,
,,,,2022-01-11 01:40:01+00:00,
,,,"Bandung, West Java, Indonesia",2022-01-11 01:35:39+00:00,
,,,"Mataram, Nusa Tenggara Barat",2022-01-11 01:31:25+00:00,
,,,"Indramayu, Indonesia",2022-01-11 01:12:32+00:00,
,,,,2022-01-11 01:10:03+00:00,
,,,,2022-01-11 01:06:41+00:00,
,,,Subang JABAR Indonesia,2022-01-11 00:50:16+00:00,
,,,lima limon,2022-01-11 00:47:31+00:00,
,,,lazytown,2022-01-11 00:39:13+00:00,
,,,Sulawesi Tengah,2022-01-11 00:26:59+00:00,
,,,Sulawesi Tengah,2022-01-11 00:26:32+00:00,
,,,Penang,2022-01-11 00:06:28+00:00,
,,,Penang,2022-01-11 00:06:04+00:00,
,,,,2022-01-11 00:05:38+00:00,
,,,Penang,2022-01-11 00:05:36+00:00,
,,,"Palmerah, Jakarta",2022-01-11 00:00:00+00:00,
,,,,2022-08-02 23:59:10+00:00,
,,,ğŸ˜€,2022-08-02 23:57:54+00:00,
,,,,2022-08-02 23:43:08+00:00,
,,,,2022-08-02 23:38:04+00:00,
,,,"Bekasi, Indonesia",2022-08-02 23:37:25+00:00,
,,,Ecuador,2022-08-02 23:24:23+00:00,
,,,,2022-08-02 22:53:45+00:00,
,,,,2022-08-02 22:52:56+00:00,
,,,,2022-08-02 22:42:44+00:00,
,,,blondies,2022-08-02 22:42:24+00:00,
,,,en un pinche cerro perdido,2022-08-02 22:38:34+00:00,
,,,"Gresik, East Java, Indonesia",2022-08-02 22:31:31+00:00,
,,,Hanekawa,2022-08-02 22:29:42+00:00,
,,,,2022-08-02 22:23:30+00:00,
,,,ğˆ â™¡ ğŒğšğ«ğ¢ğ§,2022-08-02 20:58:17+00:00,
,,,,2022-08-02 20:22:23+00:00,
,,,,2022-08-02 20:12:16+00:00,
,,,,2022-08-02 19:58:14+00:00,
,,,æ„›ã—ã¦ã‚‹ã£ã¦è¨€ã‚ãªãã‚ƒæ®ºã™,2022-08-02 19:32:00+00:00,
,,,"Lima, la horrible.",2022-08-02 19:27:22+00:00,
,,,Lima - Trujillo,2022-08-02 19:26:50+00:00,
,,,,2022-08-02 19:18:56+00:00,
,,,"Lima, Peru",2022-08-02 18:21:20+00:00,
,,,she/her,2022-08-02 18:12:19+00:00,
,,,,2022-08-02 16:59:51+00:00,
,,,,2022-08-02 16:52:20+00:00,
,,,ğŸ‡®ğŸ‡³ India ,2022-08-02 16:47:03+00:00,
,,,h,2022-08-02 16:39:37+00:00,
,,,âœ§Ë– *à¿ she  Ëš  ğ…„,2022-08-02 15:57:20+00:00,
,,,,2022-08-02 15:48:27+00:00,
,,,MÃ©xico,2022-08-02 15:47:36+00:00,
,,,she/her,2022-08-02 15:37:26+00:00,
,,,,2022-08-02 15:28:37+00:00,
,,,frutisapito. â™¡,2022-08-02 15:24:14+00:00,
,,,2789,2022-08-02 15:22:49+00:00,
,,,06L,2022-08-02 15:19:03+00:00,
,,,,2022-08-02 15:14:14+00:00,
,,,,2022-08-02 15:08:39+00:00,
,,,,2022-08-02 15:04:27+00:00,
,,, Indonesia,2022-08-02 14:35:47+00:00,
,,,,2022-08-02 14:22:55+00:00,
,,,"Tulang Bawang, Lampung",2022-08-02 14:12:34+00:00,
,,,,2022-08-02 14:03:20+00:00,
,,,she/they,2022-08-02 14:01:22+00:00,
,,,,2022-08-02 14:00:07+00:00,
,,,Pakistan,2022-08-02 13:58:58+00:00,
,,,nct Ë’ wayv Ë’ a.c.e Ë’ ateez Ë’ cixâ €â €  â € â €â €â €   â € â €â €â €   â € â €â €â €   â € â €â €â €   â € mx Ë’ astro Ë’ victon Ë’ skz Ë’ tbz â €â €â €   â € â €â €â €   â €â €â €   â € â €â €â €   â € â €â €â €   â € â €á­ â™¡. ,2022-08-02 13:58:10+00:00,
,,,Indonesia,2022-08-02 13:37:56+00:00,
,,,'O4,2022-08-02 13:22:11+00:00,
,,,,2022-08-02 13:19:42+00:00,
,,,,2022-08-02 13:19:36+00:00,
,,,,2022-08-02 13:13:35+00:00,
,,,,2022-08-02 13:11:19+00:00,
,,,"Palmerah, Jakarta",2022-08-02 13:05:08+00:00,
,,,"ÃœT: 62.478419,21.330711",2022-08-02 12:55:50+00:00,
,,,,2022-08-02 12:53:03+00:00,
,,,,2022-08-02 12:49:18+00:00,
,,,,2022-08-02 12:39:12+00:00,
,,,,2022-08-02 12:17:32+00:00,
,,,,2022-08-02 12:09:59+00:00,
,,,carrd byf pls.,2022-08-02 12:08:54+00:00,
,,,"% @straykids our home ,SHE/HER",2022-08-02 11:50:06+00:00,
,,,she/her,2022-08-02 11:25:32+00:00,
,,,,2022-08-02 11:20:42+00:00,
,,,Jake and Jay Heart she/her '17,2022-08-02 11:19:19+00:00,
,,,Jakarta,2022-08-02 11:13:03+00:00,
,,,Indonesia,2022-08-02 11:05:17+00:00,
,,,she/her magic,2022-08-02 11:02:27+00:00,
,,,Bandung ,2022-08-02 11:00:30+00:00,
,,,"Gayo Lues, Nangro Aceh Darussa",2022-08-02 10:59:13+00:00,
,,,,2022-08-02 10:57:04+00:00,
,,,Rules ğŸ‘‰ğŸ»,2022-08-02 10:56:41+00:00,
,,,"Kota Surabaya, Jawa Timur",2022-08-02 10:44:33+00:00,
,,,"Islamabad, Pakistan",2022-08-02 10:41:06+00:00,
,,,"Depok, Indonesia",2022-08-02 10:40:03+00:00,
,,,,2022-08-02 10:38:24+00:00,
,,,,2022-08-02 10:38:23+00:00,
,,,unknown,2022-08-02 10:18:00+00:00,
,,,"Jawa Tengah, Indonesia",2022-08-02 10:15:22+00:00,
,,,,2022-08-02 10:11:50+00:00,
,,,,2022-08-02 10:09:30+00:00,
,,,"Gedung Graha Pena Lt.3, Batam",2022-08-02 09:57:16+00:00,
,,,,2022-08-02 09:51:30+00:00,
,,,,2022-08-02 09:45:17+00:00,
,,,,2022-08-02 09:42:40+00:00,
,,,"Pati, Jawa Tengah",2022-08-02 09:32:23+00:00,
,,,"DKI Jakarta, Indonesia",2022-08-02 09:19:44+00:00,
,,,,2022-08-02 09:18:34+00:00,
,,,"Tijuana, Baja California",2022-08-02 09:16:19+00:00,
,,,Padang Malang,2022-08-02 09:10:03+00:00,
,,,,2022-08-02 09:03:27+00:00,
,,,world - 03L - perempuan,2022-08-02 08:58:34+00:00,
,,,Jakarta,2022-08-02 08:49:01+00:00,
,,,"Jakarta Capital Region, Indone",2022-08-02 08:48:42+00:00,
,,,,2022-08-02 08:36:33+00:00,
,,,,2022-08-02 08:36:05+00:00,
,,,"Kabupaten Serang, Banten",2022-08-02 08:34:31+00:00,
,,,Indonesia,2022-08-02 08:26:32+00:00,
,,,"Jawa Tengah, Indonesia",2022-08-02 08:24:50+00:00,
,,,,2022-08-02 08:24:17+00:00,
,,,Indonesia,2022-08-02 08:15:06+00:00,
,,,,2022-08-02 08:12:46+00:00,
,,,,2022-08-02 08:05:43+00:00,
,,,,2022-08-02 08:02:03+00:00,
,,,,2022-08-02 07:59:49+00:00,
,,,"Jakarta Capital Region, Indone",2022-08-02 07:55:14+00:00,
,,,,2022-08-02 07:44:57+00:00,
,,,"Bandung, Indonesia",2022-08-02 07:42:45+00:00,
,,,,2022-08-02 07:37:46+00:00,
,,,dnf,2022-08-02 07:32:55+00:00,
,,,,2022-08-02 07:32:21+00:00,
,,,Jakarta Capital Region,2022-08-02 07:31:39+00:00,
,,,,2022-08-02 07:30:46+00:00,
,,,"Ú©Ø±Ø§Ú†ÛŒ, Ù¾Ø§Ú©Ø³ØªØ§Ù†",2022-08-02 07:22:56+00:00,
,,,Jakarta Capital Region,2022-08-02 07:20:29+00:00,
,,,u're Gf.,2022-08-02 07:18:35+00:00,
,,,"Jambi,Indonesia",2022-08-02 07:13:41+00:00,
,,,03' | SHE%HER,2022-08-02 07:11:33+00:00,
,,,ID,2022-08-02 07:10:51+00:00,
,,,,2022-08-02 07:08:52+00:00,
,,,"Pekalongan, Jawa Tengah",2022-08-02 07:08:46+00:00,
,,,"Bandung, Jawa Barat",2022-08-02 07:02:34+00:00,
,,,,2022-08-02 07:00:08+00:00,
,,,,2022-08-02 06:56:32+00:00,
,,,Jay's heart,2022-08-02 06:51:24+00:00,
,,,Rules ğŸ‘‰ğŸ»,2022-08-02 06:32:16+00:00,
,,,"Montevideo, Uruguay",2022-08-02 06:28:39+00:00,
,,,"Jakarta Capital Region, Indone",2022-08-02 06:15:14+00:00,
,,,,2022-08-02 06:02:32+00:00,
,,,"Lahore, Pakistan",2022-08-02 05:54:21+00:00,
,,,she/her,2022-08-02 05:52:20+00:00,
,,,Jakarta,2022-08-02 05:43:53+00:00,
,,,,2022-08-02 05:40:38+00:00,
,,,,2022-08-02 05:40:05+00:00,
,,,,2022-08-02 05:36:56+00:00,
,,,She/her,2022-08-02 05:34:18+00:00,
,,,Balikpapan ,2022-08-02 05:33:49+00:00,
,,,NOT REAL  |  ENG.,2022-08-02 05:32:02+00:00,
,,,,2022-08-02 05:26:52+00:00,
,,,Wellington | Dalam hati awak,2022-08-02 05:26:35+00:00,
,,,"Guadalajara, Jalisco",2022-08-02 05:23:36+00:00,
,,,Indonesia,2022-08-02 05:23:33+00:00,
,,,,2022-08-02 05:13:34+00:00,
,,,,2022-08-02 05:12:06+00:00,
,,,"Lampung, Indonesia",2022-08-02 05:11:45+00:00,
,,,,2022-08-02 05:06:35+00:00,
,,,Jakarta,2022-08-02 05:05:03+00:00,
,,,karita fashera fasherita,2022-08-02 05:00:45+00:00,
,,,Jakarta,2022-08-02 05:00:18+00:00,
,,,"Lampung, Indonesia",2022-08-02 04:59:04+00:00,
,,,J'OUVERT,2022-08-02 04:51:32+00:00,
,,,"Bekasi, Jawa Barat",2022-08-02 04:47:28+00:00,
,,,"San NicolÃ¡s de los Garza, Nuev",2022-08-02 04:46:45+00:00,
,,,Jakarta,2022-08-02 04:46:34+00:00,
,,,Jakarta,2022-08-02 04:46:28+00:00,
,,,,2022-08-02 04:40:37+00:00,
,,,,2022-08-02 04:39:27+00:00,
,,,"Jakarta, Indonesia",2022-08-02 04:36:50+00:00,
,,,Indonesia,2022-08-02 04:21:02+00:00,
,,,"Jakarta Capital Region, Indone",2022-08-02 04:15:14+00:00,
,,,mexa cmo louis,2022-08-02 04:10:09+00:00,
,,,"Lima, Peru",2022-08-02 04:06:45+00:00,
,,,Indonesia,2022-08-02 04:00:53+00:00,
,,,she shouldn't be alone ,2022-08-02 04:00:42+00:00,
,,,Jakarta Capital Region,2022-08-02 04:00:01+00:00,
,,,"Sinjai, Sulawesi Selatan",2022-08-02 03:54:22+00:00,
,,,"Guanajuato, MÃ©xico",2022-08-02 03:38:44+00:00,
,,,Jakarta,2022-08-02 03:37:33+00:00,
,,,Jakarta,2022-08-02 03:35:48+00:00,
,,,Sulawesi Selatan - Indonesia,2022-08-02 03:31:48+00:00,
,,,,2022-08-02 03:31:20+00:00,
,,,,2022-08-02 02:55:21+00:00,
,,,,2022-08-02 02:47:48+00:00,
,,,,2022-08-02 02:45:13+00:00,
,,,"Bandung, Jawa Barat",2022-08-02 02:41:22+00:00,
,,,.â€¢Â°,2022-08-02 02:32:18+00:00,
,,,Indonesia,2022-08-02 02:25:37+00:00,
,,,Damigibi,2022-08-02 02:17:18+00:00,
,,,"Bandung, Jawa Barat",2022-08-02 02:10:11+00:00,
,,,"Bandung, Jawa Barat",2022-08-02 02:08:31+00:00,
,,,punya ikeuâ™¡,2022-08-02 02:05:52+00:00,
,,,"Bandung, Jawa Barat",2022-08-02 02:01:34+00:00,
,,,,2022-08-02 02:00:06+00:00,
,,,"Lima, PerÃº.",2022-08-02 01:43:15+00:00,
,,,â†» â¸™ÍÛ«Ûª,2022-08-02 01:43:09+00:00,
,,,Indonesia,2022-08-02 01:38:37+00:00,
,,,,2022-08-02 01:37:10+00:00,
,,,she/her ,2022-08-02 01:32:45+00:00,
,,,Kalimantan Selatan,2022-08-02 01:27:54+00:00,
,,,,2022-08-02 01:26:53+00:00,
,,,,2022-08-02 01:25:34+00:00,
,,,engene only,2022-08-02 01:21:05+00:00,
,,,,2022-08-02 01:08:38+00:00,
,,,,2022-08-02 01:01:42+00:00,
,,,,2022-08-02 01:01:34+00:00,
,,,,2022-08-02 01:01:03+00:00,
,,,Jakarta Capital Region,2022-08-02 01:00:20+00:00,
,,,jawa tengah,2022-08-02 00:45:16+00:00,
,,,Jakarta,2022-08-02 00:44:09+00:00,
,,,Jakarta,2022-08-02 00:40:24+00:00,
,,,"DKI Jakarta, Indonesia",2022-08-02 00:32:04+00:00,
,,,,2022-08-02 00:31:09+00:00,
,,,En tÃº corazÃ³n bb ,2022-08-02 00:28:22+00:00,
,,,,2022-08-02 00:20:39+00:00,
,,,,2022-08-02 00:19:54+00:00,
,,,WH : 16.00 - 22.00,2022-08-02 00:18:56+00:00,
,,,,2022-08-02 00:11:41+00:00,
,,,,2022-08-02 00:07:41+00:00,
,,,,2022-08-02 00:05:33+00:00,
,,,"Bali, Indonesia",2022-08-02 00:02:37+00:00,
,,,jisoo heart ,2022-01-23 23:57:57+00:00,
,,, 1/8ğŸ’Œ,2022-01-23 23:41:07+00:00,
,,,,2022-01-23 23:40:08+00:00,
,,,,2022-01-23 23:39:44+00:00,
,,,,2022-01-23 23:31:19+00:00,
,,,Jakarta,2022-01-23 23:30:00+00:00,
,,,,2022-01-23 23:22:23+00:00,
,,,,2022-01-23 23:20:07+00:00,
,,,,2022-01-23 23:10:24+00:00,
,,,,2022-01-23 22:47:56+00:00,
,,,,2022-01-23 22:35:54+00:00,
,,,she,2022-01-23 22:27:21+00:00,
,,,konohagakure,2022-01-23 22:20:29+00:00,
,,,,2022-01-23 22:16:04+00:00,
,,,Decelis Academy ğŸ«,2022-01-23 22:13:54+00:00,
,,,bumi,2022-01-23 21:38:50+00:00,
,,,,2022-01-23 21:24:41+00:00,
,,,,2022-01-23 20:37:32+00:00,
,,,,2022-01-23 19:52:10+00:00,
,,,"Lima, Peru",2022-01-23 19:40:34+00:00,
,,,exactly Natuna,2022-01-23 19:09:59+00:00,
,,,,2022-01-23 18:56:28+00:00,
,,,isekai,2022-01-23 18:46:15+00:00,
,,,Ù„Ø§ÛÙˆØ±  Ù¾Ù†Ø¬Ø§Ø¨ Ù¾Ø§Ú©Ø³ØªØ§Ù†,2022-01-23 18:38:40+00:00,
,,,,2022-01-23 18:37:42+00:00,
,,,,2022-01-23 18:15:47+00:00,
,,,,2022-01-23 17:52:08+00:00,
,,,NOMIN!!!!,2022-01-23 16:05:19+00:00,
,,,cube,2022-01-23 16:00:18+00:00,
,,,,2022-01-23 15:50:52+00:00,
,,,,2022-01-23 15:38:22+00:00,
,,,,2022-01-23 15:30:22+00:00,
,,,,2022-01-23 15:30:15+00:00,
,,,ladang babi Haknyeon,2022-01-23 15:27:35+00:00,
,,,,2022-01-23 15:27:08+00:00,
,,,"16 , she",2022-01-23 15:19:22+00:00,
,,,Bandar Lampung,2022-01-23 15:12:07+00:00,
,,,,2022-01-23 14:58:08+00:00,
,,,"Lima, Peru",2022-01-23 14:57:14+00:00,
,,,"Jakarta, Indonesia",2022-01-23 14:54:30+00:00,
,,,,2022-01-23 14:53:53+00:00,
,,,mx && atz,2022-01-23 14:52:06+00:00,
,,,,2022-01-23 14:50:09+00:00,
,,,,2022-01-23 14:41:29+00:00,
,,,,2022-01-23 14:38:44+00:00,
,,,Jakarta - Indonesia,2022-01-23 14:38:32+00:00,
,,,,2022-01-23 14:31:56+00:00,
,,,,2022-01-23 14:28:02+00:00,
,,,,2022-01-23 14:18:40+00:00,
,,,cringe bitch ,2022-01-23 14:17:14+00:00,
,,,,2022-01-23 14:12:53+00:00,
,,,"Jakarta, Indonesia",2022-01-23 14:12:02+00:00,
,,,she/her - 18,2022-01-23 14:11:11+00:00,
,,,dimana?,2022-01-23 14:07:18+00:00,
,,,"Jakarta, Indonesia",2022-01-23 13:58:10+00:00,
,,,,2022-01-23 13:57:01+00:00,
,,,Makassar,2022-01-23 13:50:18+00:00,
,,,,2022-01-23 13:49:12+00:00,
,,,,2022-01-23 13:49:12+00:00,
,,,Bhojong Ghede,2022-01-23 13:44:41+00:00,
,,,Surabaya-Jakarta PP,2022-01-23 13:31:58+00:00,
,,,Jogja - Jakarta,2022-01-23 13:30:32+00:00,
,,,,2022-01-23 13:24:40+00:00,
,,,,2022-01-23 13:21:03+00:00,
,,,ğŸ¯ğŸ°,2022-01-23 13:18:30+00:00,
,,,,2022-01-23 13:16:49+00:00,
,,,she/her | 16 | armyzen ,2022-01-23 13:14:57+00:00,
,,,,2022-01-23 13:08:07+00:00,
,,,,2022-01-23 13:04:49+00:00,
,,,"Miraflores, Peru",2022-01-23 13:01:48+00:00,
,,,mulfand,2022-01-23 12:58:54+00:00,
,,,"Bogor, Jawa Barat",2022-01-23 12:58:43+00:00,
,,,fkÂ²Â³,2022-01-23 12:58:30+00:00,
,,,,2022-01-23 12:58:06+00:00,
,,,"ÃœT: -7.567953,110.793929",2022-01-23 12:54:31+00:00,
,,,Depok,2022-01-23 12:53:35+00:00,
,,,"Kalimantan Selatan, Indonesia",2022-01-23 12:49:22+00:00,
,,,"Jakarta, Indonesia",2022-01-23 12:44:34+00:00,
,,,rant acc,2022-01-23 12:43:25+00:00,
,,,di mana mana,2022-01-23 12:37:07+00:00,
,,,she/her,2022-01-23 12:35:41+00:00,
,,,,2022-01-23 12:32:56+00:00,
,,,,2022-01-23 12:30:15+00:00,
,,,,2022-01-23 12:27:46+00:00,
,,,she/her | 26 ,2022-01-23 12:26:34+00:00,
,,,,2022-01-23 12:19:10+00:00,
,,,Studytweet & Booktweet,2022-01-23 12:17:36+00:00,
,,,,2022-01-23 12:14:33+00:00,
,,,Indonesia,2022-01-23 12:09:51+00:00,
,,,"Solo, Central Java, Indonesia",2022-01-23 12:09:07+00:00,
,,,"Jakarta, Indonesia",2022-01-23 12:07:43+00:00,
,,,Bandarlampung,2022-01-23 12:05:55+00:00,
,,,,2022-01-23 12:04:53+00:00,
,,,,2022-01-23 12:02:33+00:00,
,,,,2022-01-23 12:01:28+00:00,
,,,"Solo, Central Java, Indonesia",2022-01-23 12:01:03+00:00,
,,,Jakarta,2022-01-23 12:00:10+00:00,
,,,Jakarta,2022-01-23 12:00:10+00:00,
,,,"Kota Bengkulu, Bengkulu",2022-01-23 11:50:29+00:00,
,,,,2022-01-23 11:37:58+00:00,
,,,"Lampung, Indonesia",2022-01-23 11:33:53+00:00,
,,,,2022-01-23 11:33:00+00:00,
,,,,2022-01-23 11:20:04+00:00,
,,,she/her,2022-01-23 11:16:57+00:00,
,,,she her,2022-01-23 11:07:23+00:00,
,,,"Puger, Indonesia",2022-01-23 11:07:05+00:00,
,,,17 | she/her/they,2022-01-23 11:02:36+00:00,
,,,"Lampung, Indonesia",2022-01-23 11:01:33+00:00,
,,,,2022-01-23 11:00:07+00:00,
,,,,2022-01-23 11:00:03+00:00,
,,,"Bhiwani, India",2022-01-23 10:50:23+00:00,
,,,h/him 20,2022-01-23 10:47:43+00:00,
,,,Indonesia-TÃ¼rkiye,2022-01-23 10:45:01+00:00,
,,,,2022-01-23 10:42:35+00:00,
,,,,2022-01-23 10:42:34+00:00,
,,,NKRI,2022-01-23 10:42:19+00:00,
,,,,2022-01-23 10:38:37+00:00,
,,,,2022-01-23 10:38:36+00:00,
,,,Jakarta,2022-01-23 10:22:18+00:00,
,,,,2022-01-23 10:21:53+00:00,
,,,earth,2022-01-23 10:21:22+00:00,
,,,,2022-01-23 10:19:40+00:00,
,,,BunnyğŸ’œholly  ,2022-01-23 10:13:07+00:00,
,,,,2022-01-23 10:12:44+00:00,
,,,,2022-01-23 09:48:44+00:00,
,,,"Jl. RTA Milono Km 2,5 Palangka",2022-01-23 09:44:30+00:00,
,,,they/are,2022-01-23 09:44:25+00:00,
,,,rl things,2022-01-23 09:44:07+00:00,
,,,Decelis Academy ğŸ«,2022-01-23 09:43:58+00:00,
,,,She/her,2022-01-23 09:33:13+00:00,
,,,DNF!,2022-01-23 09:15:20+00:00,
